date,player1,player2,winner,score,sets_detail,tournament,level,country1,country2
2026-04-08,Omotayo O.,Chua J. S. H.,Chua J. S. H.,0-3,"0-11,0-11,0-11",OTHERS - MEN: WTT Contender Taiyuan (China) - Qualification,contender,,
2026-04-08,Soiphuang N.,Mekamporn N.,Soiphuang N.,3-2,"9-11,9-11,13-11,11-9,11-9",OTHERS - MEN: WTT Contender Taiyuan (China) - Qualification,contender,,
2026-04-08,Yoshimura M.,Malik Y.,Yoshimura M.,3-0,"11-8,11-7,11-3",OTHERS - MEN: WTT Contender Taiyuan (China) - Qualification,contender,,
2026-04-08,Sakai Y.,Ruiz R.,Sakai Y.,3-2,"11-8,13-11,5-11,4-11,13-11",OTHERS - MEN: WTT Contender Taiyuan (China) - Qualification,contender,,
2026-04-08,Aida S.,Woo H.,Aida S.,3-1,"11-2,11-5,7-11,11-9",OTHERS - MEN: WTT Contender Taiyuan (China) - Qualification,contender,,
2026-04-08,Pang Y. E. K.,Ho Kwan K.,Pang Y. E. K.,3-1,"11-5,11-9,8-11,11-8",OTHERS - MEN: WTT Contender Taiyuan (China) - Qualification,contender,,
2026-04-08,Li H.,Kwan M. H.,Li H.,3-2,"11-8,9-11,10-12,11-5,12-10",OTHERS - MEN: WTT Contender Taiyuan (China) - Qualification,contender,,
2026-04-08,Takamori M.,Yang H.,Yang H.,2-3,"11-8,8-11,4-11,11-7,7-11",OTHERS - WOMEN: WTT Contender Taiyuan (China) - Qualification,contender,,
2026-04-08,Li J.,Jiang Y.,Li J.,3-1,"11-8,11-8,6-11,11-6",OTHERS - WOMEN: WTT Contender Taiyuan (China) - Qualification,contender,,
2026-04-08,Men S.,Deng Z.,Men S.,3-0,"11-9,11-7,12-10",OTHERS - WOMEN: WTT Contender Taiyuan (China) - Qualification,contender,,
2026-04-08,Tee A. X.,Chang L. S. A.,Tee A. X.,3-0,"11-5,11-8,11-6",OTHERS - WOMEN: WTT Contender Taiyuan (China) - Qualification,contender,,
2026-04-08,Wong H. T.,Lee K. M. H.,Lee K. M. H.,2-3,"5-11,11-7,4-11,15-13,7-11",OTHERS - WOMEN: WTT Contender Taiyuan (China) - Qualification,contender,,
2026-04-08,Liu Z.,Zhang Y.,Liu Z.,3-1,"11-7,11-6,8-11,11-6",OTHERS - WOMEN: WTT Contender Taiyuan (China) - Qualification,contender,,
2026-04-08,Feng Y.,Wang X.,Feng Y.,3-2,"10-12,14-12,4-11,11-6,17-15",OTHERS - WOMEN: WTT Contender Taiyuan (China) - Qualification,contender,,
2026-04-08,Lyne K.,Kong T. L.,Lyne K.,3-1,"5-11,14-12,12-10,11-9",OTHERS - WOMEN: WTT Contender Taiyuan (China) - Qualification,contender,,
2026-04-07,Omotayo O.,Chua J. S. H.,Chua J. S. H.,0-3,"0-11,0-11,0-11",,regular,,
2026-04-07,Soiphuang N.,Mekamporn N.,Soiphuang N.,3-2,"9-11,9-11,13-11,11-9,11-9",,regular,,
2026-04-07,Yoshimura M.,Malik Y.,Yoshimura M.,3-0,"11-8,11-7,11-3",,regular,,
2026-04-07,Sakai Y.,Ruiz R.,Sakai Y.,3-2,"11-8,13-11,5-11,4-11,13-11",,regular,,
2026-04-07,Aida S.,Woo H.,Aida S.,3-1,"11-2,11-5,7-11,11-9",,regular,,
2026-04-07,Pang Y. E. K.,Ho Kwan K.,Pang Y. E. K.,3-1,"11-5,11-9,8-11,11-8",,regular,,
2026-04-07,Li H.,Kwan M. H.,Li H.,3-2,"11-8,9-11,10-12,11-5,12-10",,regular,,
2026-04-07,Takamori M.,Yang H.,Yang H.,2-3,"11-8,8-11,4-11,11-7,7-11",,regular,,
2026-04-07,Li J.,Jiang Y.,Li J.,3-1,"11-8,11-8,6-11,11-6",,regular,,
2026-04-07,Men S.,Deng Z.,Men S.,3-0,"11-9,11-7,12-10",,regular,,
2026-04-07,Tee A. X.,Chang L. S. A.,Tee A. X.,3-0,"11-5,11-8,11-6",,regular,,
2026-04-07,Wong H. T.,Lee K. M. H.,Lee K. M. H.,2-3,"5-11,11-7,4-11,15-13,7-11",,regular,,
2026-04-07,Liu Z.,Zhang Y.,Liu Z.,3-1,"11-7,11-6,8-11,11-6",,regular,,
2026-04-07,Feng Y.,Wang X.,Feng Y.,3-2,"10-12,14-12,4-11,11-6,17-15",,regular,,
2026-04-07,Lyne K.,Kong T. L.,Lyne K.,3-1,"5-11,14-12,12-10,11-9",,regular,,
2026-04-06,Omotayo O.,Chua J. S. H.,Chua J. S. H.,0-3,"0-11,0-11,0-11",,regular,,
2026-04-06,Soiphuang N.,Mekamporn N.,Soiphuang N.,3-2,"9-11,9-11,13-11,11-9,11-9",,regular,,
2026-04-06,Yoshimura M.,Malik Y.,Yoshimura M.,3-0,"11-8,11-7,11-3",,regular,,
2026-04-06,Sakai Y.,Ruiz R.,Sakai Y.,3-2,"11-8,13-11,5-11,4-11,13-11",,regular,,
2026-04-06,Aida S.,Woo H.,Aida S.,3-1,"11-2,11-5,7-11,11-9",,regular,,
2026-04-06,Pang Y. E. K.,Ho Kwan K.,Pang Y. E. K.,3-1,"11-5,11-9,8-11,11-8",,regular,,
2026-04-06,Li H.,Kwan M. H.,Li H.,3-2,"11-8,9-11,10-12,11-5,12-10",,regular,,
2026-04-06,Takamori M.,Yang H.,Yang H.,2-3,"11-8,8-11,4-11,11-7,7-11",,regular,,
2026-04-06,Li J.,Jiang Y.,Li J.,3-1,"11-8,11-8,6-11,11-6",,regular,,
2026-04-06,Men S.,Deng Z.,Men S.,3-0,"11-9,11-7,12-10",,regular,,
2026-04-06,Tee A. X.,Chang L. S. A.,Tee A. X.,3-0,"11-5,11-8,11-6",,regular,,
2026-04-06,Wong H. T.,Lee K. M. H.,Lee K. M. H.,2-3,"5-11,11-7,4-11,15-13,7-11",,regular,,
2026-04-06,Liu Z.,Zhang Y.,Liu Z.,3-1,"11-7,11-6,8-11,11-6",,regular,,
2026-04-06,Feng Y.,Wang X.,Feng Y.,3-2,"10-12,14-12,4-11,11-6,17-15",,regular,,
2026-04-06,Lyne K.,Kong T. L.,Lyne K.,3-1,"5-11,14-12,12-10,11-9",,regular,,
2026-04-05,Omotayo O.,Chua J. S. H.,Chua J. S. H.,0-3,"0-11,0-11,0-11",,regular,,
2026-04-05,Soiphuang N.,Mekamporn N.,Soiphuang N.,3-2,"9-11,9-11,13-11,11-9,11-9",,regular,,
2026-04-05,Yoshimura M.,Malik Y.,Yoshimura M.,3-0,"11-8,11-7,11-3",,regular,,
2026-04-05,Sakai Y.,Ruiz R.,Sakai Y.,3-2,"11-8,13-11,5-11,4-11,13-11",,regular,,
2026-04-05,Aida S.,Woo H.,Aida S.,3-1,"11-2,11-5,7-11,11-9",,regular,,
2026-04-05,Pang Y. E. K.,Ho Kwan K.,Pang Y. E. K.,3-1,"11-5,11-9,8-11,11-8",,regular,,
2026-04-05,Li H.,Kwan M. H.,Li H.,3-2,"11-8,9-11,10-12,11-5,12-10",,regular,,
2026-04-05,Takamori M.,Yang H.,Yang H.,2-3,"11-8,8-11,4-11,11-7,7-11",,regular,,
2026-04-05,Li J.,Jiang Y.,Li J.,3-1,"11-8,11-8,6-11,11-6",,regular,,
2026-04-05,Men S.,Deng Z.,Men S.,3-0,"11-9,11-7,12-10",,regular,,
2026-04-05,Tee A. X.,Chang L. S. A.,Tee A. X.,3-0,"11-5,11-8,11-6",,regular,,
2026-04-05,Wong H. T.,Lee K. M. H.,Lee K. M. H.,2-3,"5-11,11-7,4-11,15-13,7-11",,regular,,
2026-04-05,Liu Z.,Zhang Y.,Liu Z.,3-1,"11-7,11-6,8-11,11-6",,regular,,
2026-04-05,Feng Y.,Wang X.,Feng Y.,3-2,"10-12,14-12,4-11,11-6,17-15",,regular,,
2026-04-05,Lyne K.,Kong T. L.,Lyne K.,3-1,"5-11,14-12,12-10,11-9",,regular,,
2026-04-04,Omotayo O.,Chua J. S. H.,Chua J. S. H.,0-3,"0-11,0-11,0-11",,regular,,
2026-04-04,Soiphuang N.,Mekamporn N.,Soiphuang N.,3-2,"9-11,9-11,13-11,11-9,11-9",,regular,,
2026-04-04,Yoshimura M.,Malik Y.,Yoshimura M.,3-0,"11-8,11-7,11-3",,regular,,
2026-04-04,Sakai Y.,Ruiz R.,Sakai Y.,3-2,"11-8,13-11,5-11,4-11,13-11",,regular,,
2026-04-04,Aida S.,Woo H.,Aida S.,3-1,"11-2,11-5,7-11,11-9",,regular,,
2026-04-04,Pang Y. E. K.,Ho Kwan K.,Pang Y. E. K.,3-1,"11-5,11-9,8-11,11-8",,regular,,
2026-04-04,Li H.,Kwan M. H.,Li H.,3-2,"11-8,9-11,10-12,11-5,12-10",,regular,,
2026-04-04,Takamori M.,Yang H.,Yang H.,2-3,"11-8,8-11,4-11,11-7,7-11",,regular,,
2026-04-04,Li J.,Jiang Y.,Li J.,3-1,"11-8,11-8,6-11,11-6",,regular,,
2026-04-04,Men S.,Deng Z.,Men S.,3-0,"11-9,11-7,12-10",,regular,,
2026-04-04,Tee A. X.,Chang L. S. A.,Tee A. X.,3-0,"11-5,11-8,11-6",,regular,,
2026-04-04,Wong H. T.,Lee K. M. H.,Lee K. M. H.,2-3,"5-11,11-7,4-11,15-13,7-11",,regular,,
2026-04-04,Liu Z.,Zhang Y.,Liu Z.,3-1,"11-7,11-6,8-11,11-6",,regular,,
2026-04-04,Feng Y.,Wang X.,Feng Y.,3-2,"10-12,14-12,4-11,11-6,17-15",,regular,,
2026-04-04,Lyne K.,Kong T. L.,Lyne K.,3-1,"5-11,14-12,12-10,11-9",,regular,,
2026-04-03,Omotayo O.,Chua J. S. H.,Chua J. S. H.,0-3,"0-11,0-11,0-11",,regular,,
2026-04-03,Soiphuang N.,Mekamporn N.,Soiphuang N.,3-2,"9-11,9-11,13-11,11-9,11-9",,regular,,
2026-04-03,Yoshimura M.,Malik Y.,Yoshimura M.,3-0,"11-8,11-7,11-3",,regular,,
2026-04-03,Sakai Y.,Ruiz R.,Sakai Y.,3-2,"11-8,13-11,5-11,4-11,13-11",,regular,,
2026-04-03,Aida S.,Woo H.,Aida S.,3-1,"11-2,11-5,7-11,11-9",,regular,,
2026-04-03,Pang Y. E. K.,Ho Kwan K.,Pang Y. E. K.,3-1,"11-5,11-9,8-11,11-8",,regular,,
2026-04-03,Li H.,Kwan M. H.,Li H.,3-2,"11-8,9-11,10-12,11-5,12-10",,regular,,
2026-04-03,Takamori M.,Yang H.,Yang H.,2-3,"11-8,8-11,4-11,11-7,7-11",,regular,,
2026-04-03,Li J.,Jiang Y.,Li J.,3-1,"11-8,11-8,6-11,11-6",,regular,,
2026-04-03,Men S.,Deng Z.,Men S.,3-0,"11-9,11-7,12-10",,regular,,
2026-04-03,Tee A. X.,Chang L. S. A.,Tee A. X.,3-0,"11-5,11-8,11-6",,regular,,
2026-04-03,Wong H. T.,Lee K. M. H.,Lee K. M. H.,2-3,"5-11,11-7,4-11,15-13,7-11",,regular,,
2026-04-03,Liu Z.,Zhang Y.,Liu Z.,3-1,"11-7,11-6,8-11,11-6",,regular,,
2026-04-03,Feng Y.,Wang X.,Feng Y.,3-2,"10-12,14-12,4-11,11-6,17-15",,regular,,
2026-04-03,Lyne K.,Kong T. L.,Lyne K.,3-1,"5-11,14-12,12-10,11-9",,regular,,
2026-04-02,Omotayo O.,Chua J. S. H.,Chua J. S. H.,0-3,"0-11,0-11,0-11",,regular,,
2026-04-02,Soiphuang N.,Mekamporn N.,Soiphuang N.,3-2,"9-11,9-11,13-11,11-9,11-9",,regular,,
2026-04-02,Yoshimura M.,Malik Y.,Yoshimura M.,3-0,"11-8,11-7,11-3",,regular,,
2026-04-02,Sakai Y.,Ruiz R.,Sakai Y.,3-2,"11-8,13-11,5-11,4-11,13-11",,regular,,
2026-04-02,Aida S.,Woo H.,Aida S.,3-1,"11-2,11-5,7-11,11-9",,regular,,
2026-04-02,Pang Y. E. K.,Ho Kwan K.,Pang Y. E. K.,3-1,"11-5,11-9,8-11,11-8",,regular,,
2026-04-02,Li H.,Kwan M. H.,Li H.,3-2,"11-8,9-11,10-12,11-5,12-10",,regular,,
2026-04-02,Takamori M.,Yang H.,Yang H.,2-3,"11-8,8-11,4-11,11-7,7-11",,regular,,
2026-04-02,Li J.,Jiang Y.,Li J.,3-1,"11-8,11-8,6-11,11-6",,regular,,
2026-04-02,Men S.,Deng Z.,Men S.,3-0,"11-9,11-7,12-10",,regular,,
2026-04-02,Tee A. X.,Chang L. S. A.,Tee A. X.,3-0,"11-5,11-8,11-6",,regular,,
2026-04-02,Wong H. T.,Lee K. M. H.,Lee K. M. H.,2-3,"5-11,11-7,4-11,15-13,7-11",,regular,,
2026-04-02,Liu Z.,Zhang Y.,Liu Z.,3-1,"11-7,11-6,8-11,11-6",,regular,,
2026-04-02,Feng Y.,Wang X.,Feng Y.,3-2,"10-12,14-12,4-11,11-6,17-15",,regular,,
2026-04-02,Lyne K.,Kong T. L.,Lyne K.,3-1,"5-11,14-12,12-10,11-9",,regular,,
2026-04-01,Omotayo O.,Chua J. S. H.,Chua J. S. H.,0-3,"0-11,0-11,0-11",,regular,,
2026-04-01,Soiphuang N.,Mekamporn N.,Soiphuang N.,3-2,"9-11,9-11,13-11,11-9,11-9",,regular,,
2026-04-01,Yoshimura M.,Malik Y.,Yoshimura M.,3-0,"11-8,11-7,11-3",,regular,,
2026-04-01,Sakai Y.,Ruiz R.,Sakai Y.,3-2,"11-8,13-11,5-11,4-11,13-11",,regular,,
2026-04-01,Aida S.,Woo H.,Aida S.,3-1,"11-2,11-5,7-11,11-9",,regular,,
2026-04-01,Pang Y. E. K.,Ho Kwan K.,Pang Y. E. K.,3-1,"11-5,11-9,8-11,11-8",,regular,,
2026-04-01,Li H.,Kwan M. H.,Li H.,3-2,"11-8,9-11,10-12,11-5,12-10",,regular,,
2026-04-01,Takamori M.,Yang H.,Yang H.,2-3,"11-8,8-11,4-11,11-7,7-11",,regular,,
2026-04-01,Li J.,Jiang Y.,Li J.,3-1,"11-8,11-8,6-11,11-6",,regular,,
2026-04-01,Men S.,Deng Z.,Men S.,3-0,"11-9,11-7,12-10",,regular,,
2026-04-01,Tee A. X.,Chang L. S. A.,Tee A. X.,3-0,"11-5,11-8,11-6",,regular,,
2026-04-01,Wong H. T.,Lee K. M. H.,Lee K. M. H.,2-3,"5-11,11-7,4-11,15-13,7-11",,regular,,
2026-04-01,Liu Z.,Zhang Y.,Liu Z.,3-1,"11-7,11-6,8-11,11-6",,regular,,
2026-04-01,Feng Y.,Wang X.,Feng Y.,3-2,"10-12,14-12,4-11,11-6,17-15",,regular,,
2026-04-01,Lyne K.,Kong T. L.,Lyne K.,3-1,"5-11,14-12,12-10,11-9",,regular,,
2026-03-31,Omotayo O.,Chua J. S. H.,Chua J. S. H.,0-3,"0-11,0-11,0-11",,regular,,
2026-03-31,Soiphuang N.,Mekamporn N.,Soiphuang N.,3-2,"9-11,9-11,13-11,11-9,11-9",,regular,,
2026-03-31,Yoshimura M.,Malik Y.,Yoshimura M.,3-0,"11-8,11-7,11-3",,regular,,
2026-03-31,Sakai Y.,Ruiz R.,Sakai Y.,3-2,"11-8,13-11,5-11,4-11,13-11",,regular,,
2026-03-31,Aida S.,Woo H.,Aida S.,3-1,"11-2,11-5,7-11,11-9",,regular,,
2026-03-31,Pang Y. E. K.,Ho Kwan K.,Pang Y. E. K.,3-1,"11-5,11-9,8-11,11-8",,regular,,
2026-03-31,Li H.,Kwan M. H.,Li H.,3-2,"11-8,9-11,10-12,11-5,12-10",,regular,,
2026-03-31,Takamori M.,Yang H.,Yang H.,2-3,"11-8,8-11,4-11,11-7,7-11",,regular,,
2026-03-31,Li J.,Jiang Y.,Li J.,3-1,"11-8,11-8,6-11,11-6",,regular,,
2026-03-31,Men S.,Deng Z.,Men S.,3-0,"11-9,11-7,12-10",,regular,,
2026-03-31,Tee A. X.,Chang L. S. A.,Tee A. X.,3-0,"11-5,11-8,11-6",,regular,,
2026-03-31,Wong H. T.,Lee K. M. H.,Lee K. M. H.,2-3,"5-11,11-7,4-11,15-13,7-11",,regular,,
2026-03-31,Liu Z.,Zhang Y.,Liu Z.,3-1,"11-7,11-6,8-11,11-6",,regular,,
2026-03-31,Feng Y.,Wang X.,Feng Y.,3-2,"10-12,14-12,4-11,11-6,17-15",,regular,,
2026-03-31,Lyne K.,Kong T. L.,Lyne K.,3-1,"5-11,14-12,12-10,11-9",,regular,,
2026-03-30,Omotayo O.,Chua J. S. H.,Chua J. S. H.,0-3,"0-11,0-11,0-11",,regular,,
2026-03-30,Soiphuang N.,Mekamporn N.,Soiphuang N.,3-2,"9-11,9-11,13-11,11-9,11-9",,regular,,
2026-03-30,Yoshimura M.,Malik Y.,Yoshimura M.,3-0,"11-8,11-7,11-3",,regular,,
2026-03-30,Sakai Y.,Ruiz R.,Sakai Y.,3-2,"11-8,13-11,5-11,4-11,13-11",,regular,,
2026-03-30,Aida S.,Woo H.,Aida S.,3-1,"11-2,11-5,7-11,11-9",,regular,,
2026-03-30,Pang Y. E. K.,Ho Kwan K.,Pang Y. E. K.,3-1,"11-5,11-9,8-11,11-8",,regular,,
2026-03-30,Li H.,Kwan M. H.,Li H.,3-2,"11-8,9-11,10-12,11-5,12-10",,regular,,
2026-03-30,Takamori M.,Yang H.,Yang H.,2-3,"11-8,8-11,4-11,11-7,7-11",,regular,,
2026-03-30,Li J.,Jiang Y.,Li J.,3-1,"11-8,11-8,6-11,11-6",,regular,,
2026-03-30,Men S.,Deng Z.,Men S.,3-0,"11-9,11-7,12-10",,regular,,
2026-03-30,Tee A. X.,Chang L. S. A.,Tee A. X.,3-0,"11-5,11-8,11-6",,regular,,
2026-03-30,Wong H. T.,Lee K. M. H.,Lee K. M. H.,2-3,"5-11,11-7,4-11,15-13,7-11",,regular,,
2026-03-30,Liu Z.,Zhang Y.,Liu Z.,3-1,"11-7,11-6,8-11,11-6",,regular,,
2026-03-30,Feng Y.,Wang X.,Feng Y.,3-2,"10-12,14-12,4-11,11-6,17-15",,regular,,
2026-03-30,Lyne K.,Kong T. L.,Lyne K.,3-1,"5-11,14-12,12-10,11-9",,regular,,
2026-03-29,Omotayo O.,Chua J. S. H.,Chua J. S. H.,0-3,"0-11,0-11,0-11",,regular,,
2026-03-29,Soiphuang N.,Mekamporn N.,Soiphuang N.,3-2,"9-11,9-11,13-11,11-9,11-9",,regular,,
2026-03-29,Yoshimura M.,Malik Y.,Yoshimura M.,3-0,"11-8,11-7,11-3",,regular,,
2026-03-29,Sakai Y.,Ruiz R.,Sakai Y.,3-2,"11-8,13-11,5-11,4-11,13-11",,regular,,
2026-03-29,Aida S.,Woo H.,Aida S.,3-1,"11-2,11-5,7-11,11-9",,regular,,
2026-03-29,Pang Y. E. K.,Ho Kwan K.,Pang Y. E. K.,3-1,"11-5,11-9,8-11,11-8",,regular,,
2026-03-29,Li H.,Kwan M. H.,Li H.,3-2,"11-8,9-11,10-12,11-5,12-10",,regular,,
2026-03-29,Takamori M.,Yang H.,Yang H.,2-3,"11-8,8-11,4-11,11-7,7-11",,regular,,
2026-03-29,Li J.,Jiang Y.,Li J.,3-1,"11-8,11-8,6-11,11-6",,regular,,
2026-03-29,Men S.,Deng Z.,Men S.,3-0,"11-9,11-7,12-10",,regular,,
2026-03-29,Tee A. X.,Chang L. S. A.,Tee A. X.,3-0,"11-5,11-8,11-6",,regular,,
2026-03-29,Wong H. T.,Lee K. M. H.,Lee K. M. H.,2-3,"5-11,11-7,4-11,15-13,7-11",,regular,,
2026-03-29,Liu Z.,Zhang Y.,Liu Z.,3-1,"11-7,11-6,8-11,11-6",,regular,,
2026-03-29,Feng Y.,Wang X.,Feng Y.,3-2,"10-12,14-12,4-11,11-6,17-15",,regular,,
2026-03-29,Lyne K.,Kong T. L.,Lyne K.,3-1,"5-11,14-12,12-10,11-9",,regular,,
2026-03-28,Omotayo O.,Chua J. S. H.,Chua J. S. H.,0-3,"0-11,0-11,0-11",,regular,,
2026-03-28,Soiphuang N.,Mekamporn N.,Soiphuang N.,3-2,"9-11,9-11,13-11,11-9,11-9",,regular,,
2026-03-28,Yoshimura M.,Malik Y.,Yoshimura M.,3-0,"11-8,11-7,11-3",,regular,,
2026-03-28,Sakai Y.,Ruiz R.,Sakai Y.,3-2,"11-8,13-11,5-11,4-11,13-11",,regular,,
2026-03-28,Aida S.,Woo H.,Aida S.,3-1,"11-2,11-5,7-11,11-9",,regular,,
2026-03-28,Pang Y. E. K.,Ho Kwan K.,Pang Y. E. K.,3-1,"11-5,11-9,8-11,11-8",,regular,,
2026-03-28,Li H.,Kwan M. H.,Li H.,3-2,"11-8,9-11,10-12,11-5,12-10",,regular,,
2026-03-28,Takamori M.,Yang H.,Yang H.,2-3,"11-8,8-11,4-11,11-7,7-11",,regular,,
2026-03-28,Li J.,Jiang Y.,Li J.,3-1,"11-8,11-8,6-11,11-6",,regular,,
2026-03-28,Men S.,Deng Z.,Men S.,3-0,"11-9,11-7,12-10",,regular,,
2026-03-28,Tee A. X.,Chang L. S. A.,Tee A. X.,3-0,"11-5,11-8,11-6",,regular,,
2026-03-28,Wong H. T.,Lee K. M. H.,Lee K. M. H.,2-3,"5-11,11-7,4-11,15-13,7-11",,regular,,
2026-03-28,Liu Z.,Zhang Y.,Liu Z.,3-1,"11-7,11-6,8-11,11-6",,regular,,
2026-03-28,Feng Y.,Wang X.,Feng Y.,3-2,"10-12,14-12,4-11,11-6,17-15",,regular,,
2026-03-28,Lyne K.,Kong T. L.,Lyne K.,3-1,"5-11,14-12,12-10,11-9",,regular,,
2026-03-27,Omotayo O.,Chua J. S. H.,Chua J. S. H.,0-3,"0-11,0-11,0-11",,regular,,
2026-03-27,Soiphuang N.,Mekamporn N.,Soiphuang N.,3-2,"9-11,9-11,13-11,11-9,11-9",,regular,,
2026-03-27,Yoshimura M.,Malik Y.,Yoshimura M.,3-0,"11-8,11-7,11-3",,regular,,
2026-03-27,Sakai Y.,Ruiz R.,Sakai Y.,3-2,"11-8,13-11,5-11,4-11,13-11",,regular,,
2026-03-27,Aida S.,Woo H.,Aida S.,3-1,"11-2,11-5,7-11,11-9",,regular,,
2026-03-27,Pang Y. E. K.,Ho Kwan K.,Pang Y. E. K.,3-1,"11-5,11-9,8-11,11-8",,regular,,
2026-03-27,Li H.,Kwan M. H.,Li H.,3-2,"11-8,9-11,10-12,11-5,12-10",,regular,,
2026-03-27,Takamori M.,Yang H.,Yang H.,2-3,"11-8,8-11,4-11,11-7,7-11",,regular,,
2026-03-27,Li J.,Jiang Y.,Li J.,3-1,"11-8,11-8,6-11,11-6",,regular,,
2026-03-27,Men S.,Deng Z.,Men S.,3-0,"11-9,11-7,12-10",,regular,,
2026-03-27,Tee A. X.,Chang L. S. A.,Tee A. X.,3-0,"11-5,11-8,11-6",,regular,,
2026-03-27,Wong H. T.,Lee K. M. H.,Lee K. M. H.,2-3,"5-11,11-7,4-11,15-13,7-11",,regular,,
2026-03-27,Liu Z.,Zhang Y.,Liu Z.,3-1,"11-7,11-6,8-11,11-6",,regular,,
2026-03-27,Feng Y.,Wang X.,Feng Y.,3-2,"10-12,14-12,4-11,11-6,17-15",,regular,,
2026-03-27,Lyne K.,Kong T. L.,Lyne K.,3-1,"5-11,14-12,12-10,11-9",,regular,,
2026-03-26,Omotayo O.,Chua J. S. H.,Chua J. S. H.,0-3,"0-11,0-11,0-11",,regular,,
2026-03-26,Soiphuang N.,Mekamporn N.,Soiphuang N.,3-2,"9-11,9-11,13-11,11-9,11-9",,regular,,
2026-03-26,Yoshimura M.,Malik Y.,Yoshimura M.,3-0,"11-8,11-7,11-3",,regular,,
2026-03-26,Sakai Y.,Ruiz R.,Sakai Y.,3-2,"11-8,13-11,5-11,4-11,13-11",,regular,,
2026-03-26,Aida S.,Woo H.,Aida S.,3-1,"11-2,11-5,7-11,11-9",,regular,,
2026-03-26,Pang Y. E. K.,Ho Kwan K.,Pang Y. E. K.,3-1,"11-5,11-9,8-11,11-8",,regular,,
2026-03-26,Li H.,Kwan M. H.,Li H.,3-2,"11-8,9-11,10-12,11-5,12-10",,regular,,
2026-03-26,Takamori M.,Yang H.,Yang H.,2-3,"11-8,8-11,4-11,11-7,7-11",,regular,,
2026-03-26,Li J.,Jiang Y.,Li J.,3-1,"11-8,11-8,6-11,11-6",,regular,,
2026-03-26,Men S.,Deng Z.,Men S.,3-0,"11-9,11-7,12-10",,regular,,
2026-03-26,Tee A. X.,Chang L. S. A.,Tee A. X.,3-0,"11-5,11-8,11-6",,regular,,
2026-03-26,Wong H. T.,Lee K. M. H.,Lee K. M. H.,2-3,"5-11,11-7,4-11,15-13,7-11",,regular,,
2026-03-26,Liu Z.,Zhang Y.,Liu Z.,3-1,"11-7,11-6,8-11,11-6",,regular,,
2026-03-26,Feng Y.,Wang X.,Feng Y.,3-2,"10-12,14-12,4-11,11-6,17-15",,regular,,
2026-03-26,Lyne K.,Kong T. L.,Lyne K.,3-1,"5-11,14-12,12-10,11-9",,regular,,
2026-03-25,Omotayo O.,Chua J. S. H.,Chua J. S. H.,0-3,"0-11,0-11,0-11",,regular,,
2026-03-25,Soiphuang N.,Mekamporn N.,Soiphuang N.,3-2,"9-11,9-11,13-11,11-9,11-9",,regular,,
2026-03-25,Yoshimura M.,Malik Y.,Yoshimura M.,3-0,"11-8,11-7,11-3",,regular,,
2026-03-25,Sakai Y.,Ruiz R.,Sakai Y.,3-2,"11-8,13-11,5-11,4-11,13-11",,regular,,
2026-03-25,Aida S.,Woo H.,Aida S.,3-1,"11-2,11-5,7-11,11-9",,regular,,
2026-03-25,Pang Y. E. K.,Ho Kwan K.,Pang Y. E. K.,3-1,"11-5,11-9,8-11,11-8",,regular,,
2026-03-25,Li H.,Kwan M. H.,Li H.,3-2,"11-8,9-11,10-12,11-5,12-10",,regular,,
2026-03-25,Takamori M.,Yang H.,Yang H.,2-3,"11-8,8-11,4-11,11-7,7-11",,regular,,
2026-03-25,Li J.,Jiang Y.,Li J.,3-1,"11-8,11-8,6-11,11-6",,regular,,
2026-03-25,Men S.,Deng Z.,Men S.,3-0,"11-9,11-7,12-10",,regular,,
2026-03-25,Tee A. X.,Chang L. S. A.,Tee A. X.,3-0,"11-5,11-8,11-6",,regular,,
2026-03-25,Wong H. T.,Lee K. M. H.,Lee K. M. H.,2-3,"5-11,11-7,4-11,15-13,7-11",,regular,,
2026-03-25,Liu Z.,Zhang Y.,Liu Z.,3-1,"11-7,11-6,8-11,11-6",,regular,,
2026-03-25,Feng Y.,Wang X.,Feng Y.,3-2,"10-12,14-12,4-11,11-6,17-15",,regular,,
2026-03-25,Lyne K.,Kong T. L.,Lyne K.,3-1,"5-11,14-12,12-10,11-9",,regular,,
2026-03-24,Omotayo O.,Chua J. S. H.,Chua J. S. H.,0-3,"0-11,0-11,0-11",,regular,,
2026-03-24,Soiphuang N.,Mekamporn N.,Soiphuang N.,3-2,"9-11,9-11,13-11,11-9,11-9",,regular,,
2026-03-24,Yoshimura M.,Malik Y.,Yoshimura M.,3-0,"11-8,11-7,11-3",,regular,,
2026-03-24,Sakai Y.,Ruiz R.,Sakai Y.,3-2,"11-8,13-11,5-11,4-11,13-11",,regular,,
2026-03-24,Aida S.,Woo H.,Aida S.,3-1,"11-2,11-5,7-11,11-9",,regular,,
2026-03-24,Pang Y. E. K.,Ho Kwan K.,Pang Y. E. K.,3-1,"11-5,11-9,8-11,11-8",,regular,,
2026-03-24,Li H.,Kwan M. H.,Li H.,3-2,"11-8,9-11,10-12,11-5,12-10",,regular,,
2026-03-24,Takamori M.,Yang H.,Yang H.,2-3,"11-8,8-11,4-11,11-7,7-11",,regular,,
2026-03-24,Li J.,Jiang Y.,Li J.,3-1,"11-8,11-8,6-11,11-6",,regular,,
2026-03-24,Men S.,Deng Z.,Men S.,3-0,"11-9,11-7,12-10",,regular,,
2026-03-24,Tee A. X.,Chang L. S. A.,Tee A. X.,3-0,"11-5,11-8,11-6",,regular,,
2026-03-24,Wong H. T.,Lee K. M. H.,Lee K. M. H.,2-3,"5-11,11-7,4-11,15-13,7-11",,regular,,
2026-03-24,Liu Z.,Zhang Y.,Liu Z.,3-1,"11-7,11-6,8-11,11-6",,regular,,
2026-03-24,Feng Y.,Wang X.,Feng Y.,3-2,"10-12,14-12,4-11,11-6,17-15",,regular,,
2026-03-24,Lyne K.,Kong T. L.,Lyne K.,3-1,"5-11,14-12,12-10,11-9",,regular,,
2026-03-23,Omotayo O.,Chua J. S. H.,Chua J. S. H.,0-3,"0-11,0-11,0-11",,regular,,
2026-03-23,Soiphuang N.,Mekamporn N.,Soiphuang N.,3-2,"9-11,9-11,13-11,11-9,11-9",,regular,,
2026-03-23,Yoshimura M.,Malik Y.,Yoshimura M.,3-0,"11-8,11-7,11-3",,regular,,
2026-03-23,Sakai Y.,Ruiz R.,Sakai Y.,3-2,"11-8,13-11,5-11,4-11,13-11",,regular,,
2026-03-23,Aida S.,Woo H.,Aida S.,3-1,"11-2,11-5,7-11,11-9",,regular,,
2026-03-23,Pang Y. E. K.,Ho Kwan K.,Pang Y. E. K.,3-1,"11-5,11-9,8-11,11-8",,regular,,
2026-03-23,Li H.,Kwan M. H.,Li H.,3-2,"11-8,9-11,10-12,11-5,12-10",,regular,,
2026-03-23,Takamori M.,Yang H.,Yang H.,2-3,"11-8,8-11,4-11,11-7,7-11",,regular,,
2026-03-23,Li J.,Jiang Y.,Li J.,3-1,"11-8,11-8,6-11,11-6",,regular,,
2026-03-23,Men S.,Deng Z.,Men S.,3-0,"11-9,11-7,12-10",,regular,,
2026-03-23,Tee A. X.,Chang L. S. A.,Tee A. X.,3-0,"11-5,11-8,11-6",,regular,,
2026-03-23,Wong H. T.,Lee K. M. H.,Lee K. M. H.,2-3,"5-11,11-7,4-11,15-13,7-11",,regular,,
2026-03-23,Liu Z.,Zhang Y.,Liu Z.,3-1,"11-7,11-6,8-11,11-6",,regular,,
2026-03-23,Feng Y.,Wang X.,Feng Y.,3-2,"10-12,14-12,4-11,11-6,17-15",,regular,,
2026-03-23,Lyne K.,Kong T. L.,Lyne K.,3-1,"5-11,14-12,12-10,11-9",,regular,,
2026-03-22,Omotayo O.,Chua J. S. H.,Chua J. S. H.,0-3,"0-11,0-11,0-11",,regular,,
2026-03-22,Soiphuang N.,Mekamporn N.,Soiphuang N.,3-2,"9-11,9-11,13-11,11-9,11-9",,regular,,
2026-03-22,Yoshimura M.,Malik Y.,Yoshimura M.,3-0,"11-8,11-7,11-3",,regular,,
2026-03-22,Sakai Y.,Ruiz R.,Sakai Y.,3-2,"11-8,13-11,5-11,4-11,13-11",,regular,,
2026-03-22,Aida S.,Woo H.,Aida S.,3-1,"11-2,11-5,7-11,11-9",,regular,,
2026-03-22,Pang Y. E. K.,Ho Kwan K.,Pang Y. E. K.,3-1,"11-5,11-9,8-11,11-8",,regular,,
2026-03-22,Li H.,Kwan M. H.,Li H.,3-2,"11-8,9-11,10-12,11-5,12-10",,regular,,
2026-03-22,Takamori M.,Yang H.,Yang H.,2-3,"11-8,8-11,4-11,11-7,7-11",,regular,,
2026-03-22,Li J.,Jiang Y.,Li J.,3-1,"11-8,11-8,6-11,11-6",,regular,,
2026-03-22,Men S.,Deng Z.,Men S.,3-0,"11-9,11-7,12-10",,regular,,
2026-03-22,Tee A. X.,Chang L. S. A.,Tee A. X.,3-0,"11-5,11-8,11-6",,regular,,
2026-03-22,Wong H. T.,Lee K. M. H.,Lee K. M. H.,2-3,"5-11,11-7,4-11,15-13,7-11",,regular,,
2026-03-22,Liu Z.,Zhang Y.,Liu Z.,3-1,"11-7,11-6,8-11,11-6",,regular,,
2026-03-22,Feng Y.,Wang X.,Feng Y.,3-2,"10-12,14-12,4-11,11-6,17-15",,regular,,
2026-03-22,Lyne K.,Kong T. L.,Lyne K.,3-1,"5-11,14-12,12-10,11-9",,regular,,
2026-03-21,Omotayo O.,Chua J. S. H.,Chua J. S. H.,0-3,"0-11,0-11,0-11",,regular,,
2026-03-21,Soiphuang N.,Mekamporn N.,Soiphuang N.,3-2,"9-11,9-11,13-11,11-9,11-9",,regular,,
2026-03-21,Yoshimura M.,Malik Y.,Yoshimura M.,3-0,"11-8,11-7,11-3",,regular,,
2026-03-21,Sakai Y.,Ruiz R.,Sakai Y.,3-2,"11-8,13-11,5-11,4-11,13-11",,regular,,
2026-03-21,Aida S.,Woo H.,Aida S.,3-1,"11-2,11-5,7-11,11-9",,regular,,
2026-03-21,Pang Y. E. K.,Ho Kwan K.,Pang Y. E. K.,3-1,"11-5,11-9,8-11,11-8",,regular,,
2026-03-21,Li H.,Kwan M. H.,Li H.,3-2,"11-8,9-11,10-12,11-5,12-10",,regular,,
2026-03-21,Takamori M.,Yang H.,Yang H.,2-3,"11-8,8-11,4-11,11-7,7-11",,regular,,
2026-03-21,Li J.,Jiang Y.,Li J.,3-1,"11-8,11-8,6-11,11-6",,regular,,
2026-03-21,Men S.,Deng Z.,Men S.,3-0,"11-9,11-7,12-10",,regular,,
2026-03-21,Tee A. X.,Chang L. S. A.,Tee A. X.,3-0,"11-5,11-8,11-6",,regular,,
2026-03-21,Wong H. T.,Lee K. M. H.,Lee K. M. H.,2-3,"5-11,11-7,4-11,15-13,7-11",,regular,,
2026-03-21,Liu Z.,Zhang Y.,Liu Z.,3-1,"11-7,11-6,8-11,11-6",,regular,,
2026-03-21,Feng Y.,Wang X.,Feng Y.,3-2,"10-12,14-12,4-11,11-6,17-15",,regular,,
2026-03-21,Lyne K.,Kong T. L.,Lyne K.,3-1,"5-11,14-12,12-10,11-9",,regular,,
2026-03-20,Omotayo O.,Chua J. S. H.,Chua J. S. H.,0-3,"0-11,0-11,0-11",,regular,,
2026-03-20,Soiphuang N.,Mekamporn N.,Soiphuang N.,3-2,"9-11,9-11,13-11,11-9,11-9",,regular,,
2026-03-20,Yoshimura M.,Malik Y.,Yoshimura M.,3-0,"11-8,11-7,11-3",,regular,,
2026-03-20,Sakai Y.,Ruiz R.,Sakai Y.,3-2,"11-8,13-11,5-11,4-11,13-11",,regular,,
2026-03-20,Aida S.,Woo H.,Aida S.,3-1,"11-2,11-5,7-11,11-9",,regular,,
2026-03-20,Pang Y. E. K.,Ho Kwan K.,Pang Y. E. K.,3-1,"11-5,11-9,8-11,11-8",,regular,,
2026-03-20,Li H.,Kwan M. H.,Li H.,3-2,"11-8,9-11,10-12,11-5,12-10",,regular,,
2026-03-20,Takamori M.,Yang H.,Yang H.,2-3,"11-8,8-11,4-11,11-7,7-11",,regular,,
2026-03-20,Li J.,Jiang Y.,Li J.,3-1,"11-8,11-8,6-11,11-6",,regular,,
2026-03-20,Men S.,Deng Z.,Men S.,3-0,"11-9,11-7,12-10",,regular,,
2026-03-20,Tee A. X.,Chang L. S. A.,Tee A. X.,3-0,"11-5,11-8,11-6",,regular,,
2026-03-20,Wong H. T.,Lee K. M. H.,Lee K. M. H.,2-3,"5-11,11-7,4-11,15-13,7-11",,regular,,
2026-03-20,Liu Z.,Zhang Y.,Liu Z.,3-1,"11-7,11-6,8-11,11-6",,regular,,
2026-03-20,Feng Y.,Wang X.,Feng Y.,3-2,"10-12,14-12,4-11,11-6,17-15",,regular,,
2026-03-20,Lyne K.,Kong T. L.,Lyne K.,3-1,"5-11,14-12,12-10,11-9",,regular,,
2026-03-19,Omotayo O.,Chua J. S. H.,Chua J. S. H.,0-3,"0-11,0-11,0-11",,regular,,
2026-03-19,Soiphuang N.,Mekamporn N.,Soiphuang N.,3-2,"9-11,9-11,13-11,11-9,11-9",,regular,,
2026-03-19,Yoshimura M.,Malik Y.,Yoshimura M.,3-0,"11-8,11-7,11-3",,regular,,
2026-03-19,Sakai Y.,Ruiz R.,Sakai Y.,3-2,"11-8,13-11,5-11,4-11,13-11",,regular,,
2026-03-19,Aida S.,Woo H.,Aida S.,3-1,"11-2,11-5,7-11,11-9",,regular,,
2026-03-19,Pang Y. E. K.,Ho Kwan K.,Pang Y. E. K.,3-1,"11-5,11-9,8-11,11-8",,regular,,
2026-03-19,Li H.,Kwan M. H.,Li H.,3-2,"11-8,9-11,10-12,11-5,12-10",,regular,,
2026-03-19,Takamori M.,Yang H.,Yang H.,2-3,"11-8,8-11,4-11,11-7,7-11",,regular,,
2026-03-19,Li J.,Jiang Y.,Li J.,3-1,"11-8,11-8,6-11,11-6",,regular,,
2026-03-19,Men S.,Deng Z.,Men S.,3-0,"11-9,11-7,12-10",,regular,,
2026-03-19,Tee A. X.,Chang L. S. A.,Tee A. X.,3-0,"11-5,11-8,11-6",,regular,,
2026-03-19,Wong H. T.,Lee K. M. H.,Lee K. M. H.,2-3,"5-11,11-7,4-11,15-13,7-11",,regular,,
2026-03-19,Liu Z.,Zhang Y.,Liu Z.,3-1,"11-7,11-6,8-11,11-6",,regular,,
2026-03-19,Feng Y.,Wang X.,Feng Y.,3-2,"10-12,14-12,4-11,11-6,17-15",,regular,,
2026-03-19,Lyne K.,Kong T. L.,Lyne K.,3-1,"5-11,14-12,12-10,11-9",,regular,,
2026-03-18,Omotayo O.,Chua J. S. H.,Chua J. S. H.,0-3,"0-11,0-11,0-11",,regular,,
2026-03-18,Soiphuang N.,Mekamporn N.,Soiphuang N.,3-2,"9-11,9-11,13-11,11-9,11-9",,regular,,
2026-03-18,Yoshimura M.,Malik Y.,Yoshimura M.,3-0,"11-8,11-7,11-3",,regular,,
2026-03-18,Sakai Y.,Ruiz R.,Sakai Y.,3-2,"11-8,13-11,5-11,4-11,13-11",,regular,,
2026-03-18,Aida S.,Woo H.,Aida S.,3-1,"11-2,11-5,7-11,11-9",,regular,,
2026-03-18,Pang Y. E. K.,Ho Kwan K.,Pang Y. E. K.,3-1,"11-5,11-9,8-11,11-8",,regular,,
2026-03-18,Li H.,Kwan M. H.,Li H.,3-2,"11-8,9-11,10-12,11-5,12-10",,regular,,
2026-03-18,Takamori M.,Yang H.,Yang H.,2-3,"11-8,8-11,4-11,11-7,7-11",,regular,,
2026-03-18,Li J.,Jiang Y.,Li J.,3-1,"11-8,11-8,6-11,11-6",,regular,,
2026-03-18,Men S.,Deng Z.,Men S.,3-0,"11-9,11-7,12-10",,regular,,
2026-03-18,Tee A. X.,Chang L. S. A.,Tee A. X.,3-0,"11-5,11-8,11-6",,regular,,
2026-03-18,Wong H. T.,Lee K. M. H.,Lee K. M. H.,2-3,"5-11,11-7,4-11,15-13,7-11",,regular,,
2026-03-18,Liu Z.,Zhang Y.,Liu Z.,3-1,"11-7,11-6,8-11,11-6",,regular,,
2026-03-18,Feng Y.,Wang X.,Feng Y.,3-2,"10-12,14-12,4-11,11-6,17-15",,regular,,
2026-03-18,Lyne K.,Kong T. L.,Lyne K.,3-1,"5-11,14-12,12-10,11-9",,regular,,
2026-03-17,Omotayo O.,Chua J. S. H.,Chua J. S. H.,0-3,"0-11,0-11,0-11",,regular,,
2026-03-17,Soiphuang N.,Mekamporn N.,Soiphuang N.,3-2,"9-11,9-11,13-11,11-9,11-9",,regular,,
2026-03-17,Yoshimura M.,Malik Y.,Yoshimura M.,3-0,"11-8,11-7,11-3",,regular,,
2026-03-17,Sakai Y.,Ruiz R.,Sakai Y.,3-2,"11-8,13-11,5-11,4-11,13-11",,regular,,
2026-03-17,Aida S.,Woo H.,Aida S.,3-1,"11-2,11-5,7-11,11-9",,regular,,
2026-03-17,Pang Y. E. K.,Ho Kwan K.,Pang Y. E. K.,3-1,"11-5,11-9,8-11,11-8",,regular,,
2026-03-17,Li H.,Kwan M. H.,Li H.,3-2,"11-8,9-11,10-12,11-5,12-10",,regular,,
2026-03-17,Takamori M.,Yang H.,Yang H.,2-3,"11-8,8-11,4-11,11-7,7-11",,regular,,
2026-03-17,Li J.,Jiang Y.,Li J.,3-1,"11-8,11-8,6-11,11-6",,regular,,
2026-03-17,Men S.,Deng Z.,Men S.,3-0,"11-9,11-7,12-10",,regular,,
2026-03-17,Tee A. X.,Chang L. S. A.,Tee A. X.,3-0,"11-5,11-8,11-6",,regular,,
2026-03-17,Wong H. T.,Lee K. M. H.,Lee K. M. H.,2-3,"5-11,11-7,4-11,15-13,7-11",,regular,,
2026-03-17,Liu Z.,Zhang Y.,Liu Z.,3-1,"11-7,11-6,8-11,11-6",,regular,,
2026-03-17,Feng Y.,Wang X.,Feng Y.,3-2,"10-12,14-12,4-11,11-6,17-15",,regular,,
2026-03-17,Lyne K.,Kong T. L.,Lyne K.,3-1,"5-11,14-12,12-10,11-9",,regular,,
2026-03-16,Omotayo O.,Chua J. S. H.,Chua J. S. H.,0-3,"0-11,0-11,0-11",,regular,,
2026-03-16,Soiphuang N.,Mekamporn N.,Soiphuang N.,3-2,"9-11,9-11,13-11,11-9,11-9",,regular,,
2026-03-16,Yoshimura M.,Malik Y.,Yoshimura M.,3-0,"11-8,11-7,11-3",,regular,,
2026-03-16,Sakai Y.,Ruiz R.,Sakai Y.,3-2,"11-8,13-11,5-11,4-11,13-11",,regular,,
2026-03-16,Aida S.,Woo H.,Aida S.,3-1,"11-2,11-5,7-11,11-9",,regular,,
2026-03-16,Pang Y. E. K.,Ho Kwan K.,Pang Y. E. K.,3-1,"11-5,11-9,8-11,11-8",,regular,,
2026-03-16,Li H.,Kwan M. H.,Li H.,3-2,"11-8,9-11,10-12,11-5,12-10",,regular,,
2026-03-16,Takamori M.,Yang H.,Yang H.,2-3,"11-8,8-11,4-11,11-7,7-11",,regular,,
2026-03-16,Li J.,Jiang Y.,Li J.,3-1,"11-8,11-8,6-11,11-6",,regular,,
2026-03-16,Men S.,Deng Z.,Men S.,3-0,"11-9,11-7,12-10",,regular,,
2026-03-16,Tee A. X.,Chang L. S. A.,Tee A. X.,3-0,"11-5,11-8,11-6",,regular,,
2026-03-16,Wong H. T.,Lee K. M. H.,Lee K. M. H.,2-3,"5-11,11-7,4-11,15-13,7-11",,regular,,
2026-03-16,Liu Z.,Zhang Y.,Liu Z.,3-1,"11-7,11-6,8-11,11-6",,regular,,
2026-03-16,Feng Y.,Wang X.,Feng Y.,3-2,"10-12,14-12,4-11,11-6,17-15",,regular,,
2026-03-16,Lyne K.,Kong T. L.,Lyne K.,3-1,"5-11,14-12,12-10,11-9",,regular,,
2026-03-15,Omotayo O.,Chua J. S. H.,Chua J. S. H.,0-3,"0-11,0-11,0-11",,regular,,
2026-03-15,Soiphuang N.,Mekamporn N.,Soiphuang N.,3-2,"9-11,9-11,13-11,11-9,11-9",,regular,,
2026-03-15,Yoshimura M.,Malik Y.,Yoshimura M.,3-0,"11-8,11-7,11-3",,regular,,
2026-03-15,Sakai Y.,Ruiz R.,Sakai Y.,3-2,"11-8,13-11,5-11,4-11,13-11",,regular,,
2026-03-15,Aida S.,Woo H.,Aida S.,3-1,"11-2,11-5,7-11,11-9",,regular,,
2026-03-15,Pang Y. E. K.,Ho Kwan K.,Pang Y. E. K.,3-1,"11-5,11-9,8-11,11-8",,regular,,
2026-03-15,Li H.,Kwan M. H.,Li H.,3-2,"11-8,9-11,10-12,11-5,12-10",,regular,,
2026-03-15,Takamori M.,Yang H.,Yang H.,2-3,"11-8,8-11,4-11,11-7,7-11",,regular,,
2026-03-15,Li J.,Jiang Y.,Li J.,3-1,"11-8,11-8,6-11,11-6",,regular,,
2026-03-15,Men S.,Deng Z.,Men S.,3-0,"11-9,11-7,12-10",,regular,,
2026-03-15,Tee A. X.,Chang L. S. A.,Tee A. X.,3-0,"11-5,11-8,11-6",,regular,,
2026-03-15,Wong H. T.,Lee K. M. H.,Lee K. M. H.,2-3,"5-11,11-7,4-11,15-13,7-11",,regular,,
2026-03-15,Liu Z.,Zhang Y.,Liu Z.,3-1,"11-7,11-6,8-11,11-6",,regular,,
2026-03-15,Feng Y.,Wang X.,Feng Y.,3-2,"10-12,14-12,4-11,11-6,17-15",,regular,,
2026-03-15,Lyne K.,Kong T. L.,Lyne K.,3-1,"5-11,14-12,12-10,11-9",,regular,,
2026-03-14,Omotayo O.,Chua J. S. H.,Chua J. S. H.,0-3,"0-11,0-11,0-11",,regular,,
2026-03-14,Soiphuang N.,Mekamporn N.,Soiphuang N.,3-2,"9-11,9-11,13-11,11-9,11-9",,regular,,
2026-03-14,Yoshimura M.,Malik Y.,Yoshimura M.,3-0,"11-8,11-7,11-3",,regular,,
2026-03-14,Sakai Y.,Ruiz R.,Sakai Y.,3-2,"11-8,13-11,5-11,4-11,13-11",,regular,,
2026-03-14,Aida S.,Woo H.,Aida S.,3-1,"11-2,11-5,7-11,11-9",,regular,,
2026-03-14,Pang Y. E. K.,Ho Kwan K.,Pang Y. E. K.,3-1,"11-5,11-9,8-11,11-8",,regular,,
2026-03-14,Li H.,Kwan M. H.,Li H.,3-2,"11-8,9-11,10-12,11-5,12-10",,regular,,
2026-03-14,Takamori M.,Yang H.,Yang H.,2-3,"11-8,8-11,4-11,11-7,7-11",,regular,,
2026-03-14,Li J.,Jiang Y.,Li J.,3-1,"11-8,11-8,6-11,11-6",,regular,,
2026-03-14,Men S.,Deng Z.,Men S.,3-0,"11-9,11-7,12-10",,regular,,
2026-03-14,Tee A. X.,Chang L. S. A.,Tee A. X.,3-0,"11-5,11-8,11-6",,regular,,
2026-03-14,Wong H. T.,Lee K. M. H.,Lee K. M. H.,2-3,"5-11,11-7,4-11,15-13,7-11",,regular,,
2026-03-14,Liu Z.,Zhang Y.,Liu Z.,3-1,"11-7,11-6,8-11,11-6",,regular,,
2026-03-14,Feng Y.,Wang X.,Feng Y.,3-2,"10-12,14-12,4-11,11-6,17-15",,regular,,
2026-03-14,Lyne K.,Kong T. L.,Lyne K.,3-1,"5-11,14-12,12-10,11-9",,regular,,
2026-03-13,Omotayo O.,Chua J. S. H.,Chua J. S. H.,0-3,"0-11,0-11,0-11",,regular,,
2026-03-13,Soiphuang N.,Mekamporn N.,Soiphuang N.,3-2,"9-11,9-11,13-11,11-9,11-9",,regular,,
2026-03-13,Yoshimura M.,Malik Y.,Yoshimura M.,3-0,"11-8,11-7,11-3",,regular,,
2026-03-13,Sakai Y.,Ruiz R.,Sakai Y.,3-2,"11-8,13-11,5-11,4-11,13-11",,regular,,
2026-03-13,Aida S.,Woo H.,Aida S.,3-1,"11-2,11-5,7-11,11-9",,regular,,
2026-03-13,Pang Y. E. K.,Ho Kwan K.,Pang Y. E. K.,3-1,"11-5,11-9,8-11,11-8",,regular,,
2026-03-13,Li H.,Kwan M. H.,Li H.,3-2,"11-8,9-11,10-12,11-5,12-10",,regular,,
2026-03-13,Takamori M.,Yang H.,Yang H.,2-3,"11-8,8-11,4-11,11-7,7-11",,regular,,
2026-03-13,Li J.,Jiang Y.,Li J.,3-1,"11-8,11-8,6-11,11-6",,regular,,
2026-03-13,Men S.,Deng Z.,Men S.,3-0,"11-9,11-7,12-10",,regular,,
2026-03-13,Tee A. X.,Chang L. S. A.,Tee A. X.,3-0,"11-5,11-8,11-6",,regular,,
2026-03-13,Wong H. T.,Lee K. M. H.,Lee K. M. H.,2-3,"5-11,11-7,4-11,15-13,7-11",,regular,,
2026-03-13,Liu Z.,Zhang Y.,Liu Z.,3-1,"11-7,11-6,8-11,11-6",,regular,,
2026-03-13,Feng Y.,Wang X.,Feng Y.,3-2,"10-12,14-12,4-11,11-6,17-15",,regular,,
2026-03-13,Lyne K.,Kong T. L.,Lyne K.,3-1,"5-11,14-12,12-10,11-9",,regular,,
2026-03-12,Omotayo O.,Chua J. S. H.,Chua J. S. H.,0-3,"0-11,0-11,0-11",,regular,,
2026-03-12,Soiphuang N.,Mekamporn N.,Soiphuang N.,3-2,"9-11,9-11,13-11,11-9,11-9",,regular,,
2026-03-12,Yoshimura M.,Malik Y.,Yoshimura M.,3-0,"11-8,11-7,11-3",,regular,,
2026-03-12,Sakai Y.,Ruiz R.,Sakai Y.,3-2,"11-8,13-11,5-11,4-11,13-11",,regular,,
2026-03-12,Aida S.,Woo H.,Aida S.,3-1,"11-2,11-5,7-11,11-9",,regular,,
2026-03-12,Pang Y. E. K.,Ho Kwan K.,Pang Y. E. K.,3-1,"11-5,11-9,8-11,11-8",,regular,,
2026-03-12,Li H.,Kwan M. H.,Li H.,3-2,"11-8,9-11,10-12,11-5,12-10",,regular,,
2026-03-12,Takamori M.,Yang H.,Yang H.,2-3,"11-8,8-11,4-11,11-7,7-11",,regular,,
2026-03-12,Li J.,Jiang Y.,Li J.,3-1,"11-8,11-8,6-11,11-6",,regular,,
2026-03-12,Men S.,Deng Z.,Men S.,3-0,"11-9,11-7,12-10",,regular,,
2026-03-12,Tee A. X.,Chang L. S. A.,Tee A. X.,3-0,"11-5,11-8,11-6",,regular,,
2026-03-12,Wong H. T.,Lee K. M. H.,Lee K. M. H.,2-3,"5-11,11-7,4-11,15-13,7-11",,regular,,
2026-03-12,Liu Z.,Zhang Y.,Liu Z.,3-1,"11-7,11-6,8-11,11-6",,regular,,
2026-03-12,Feng Y.,Wang X.,Feng Y.,3-2,"10-12,14-12,4-11,11-6,17-15",,regular,,
2026-03-12,Lyne K.,Kong T. L.,Lyne K.,3-1,"5-11,14-12,12-10,11-9",,regular,,
2026-03-11,Omotayo O.,Chua J. S. H.,Chua J. S. H.,0-3,"0-11,0-11,0-11",,regular,,
2026-03-11,Soiphuang N.,Mekamporn N.,Soiphuang N.,3-2,"9-11,9-11,13-11,11-9,11-9",,regular,,
2026-03-11,Yoshimura M.,Malik Y.,Yoshimura M.,3-0,"11-8,11-7,11-3",,regular,,
2026-03-11,Sakai Y.,Ruiz R.,Sakai Y.,3-2,"11-8,13-11,5-11,4-11,13-11",,regular,,
2026-03-11,Aida S.,Woo H.,Aida S.,3-1,"11-2,11-5,7-11,11-9",,regular,,
2026-03-11,Pang Y. E. K.,Ho Kwan K.,Pang Y. E. K.,3-1,"11-5,11-9,8-11,11-8",,regular,,
2026-03-11,Li H.,Kwan M. H.,Li H.,3-2,"11-8,9-11,10-12,11-5,12-10",,regular,,
2026-03-11,Takamori M.,Yang H.,Yang H.,2-3,"11-8,8-11,4-11,11-7,7-11",,regular,,
2026-03-11,Li J.,Jiang Y.,Li J.,3-1,"11-8,11-8,6-11,11-6",,regular,,
2026-03-11,Men S.,Deng Z.,Men S.,3-0,"11-9,11-7,12-10",,regular,,
2026-03-11,Tee A. X.,Chang L. S. A.,Tee A. X.,3-0,"11-5,11-8,11-6",,regular,,
2026-03-11,Wong H. T.,Lee K. M. H.,Lee K. M. H.,2-3,"5-11,11-7,4-11,15-13,7-11",,regular,,
2026-03-11,Liu Z.,Zhang Y.,Liu Z.,3-1,"11-7,11-6,8-11,11-6",,regular,,
2026-03-11,Feng Y.,Wang X.,Feng Y.,3-2,"10-12,14-12,4-11,11-6,17-15",,regular,,
2026-03-11,Lyne K.,Kong T. L.,Lyne K.,3-1,"5-11,14-12,12-10,11-9",,regular,,
2026-03-10,Omotayo O.,Chua J. S. H.,Chua J. S. H.,0-3,"0-11,0-11,0-11",,regular,,
2026-03-10,Soiphuang N.,Mekamporn N.,Soiphuang N.,3-2,"9-11,9-11,13-11,11-9,11-9",,regular,,
2026-03-10,Yoshimura M.,Malik Y.,Yoshimura M.,3-0,"11-8,11-7,11-3",,regular,,
2026-03-10,Sakai Y.,Ruiz R.,Sakai Y.,3-2,"11-8,13-11,5-11,4-11,13-11",,regular,,
2026-03-10,Aida S.,Woo H.,Aida S.,3-1,"11-2,11-5,7-11,11-9",,regular,,
2026-03-10,Pang Y. E. K.,Ho Kwan K.,Pang Y. E. K.,3-1,"11-5,11-9,8-11,11-8",,regular,,
2026-03-10,Li H.,Kwan M. H.,Li H.,3-2,"11-8,9-11,10-12,11-5,12-10",,regular,,
2026-03-10,Takamori M.,Yang H.,Yang H.,2-3,"11-8,8-11,4-11,11-7,7-11",,regular,,
2026-03-10,Li J.,Jiang Y.,Li J.,3-1,"11-8,11-8,6-11,11-6",,regular,,
2026-03-10,Men S.,Deng Z.,Men S.,3-0,"11-9,11-7,12-10",,regular,,
2026-03-10,Tee A. X.,Chang L. S. A.,Tee A. X.,3-0,"11-5,11-8,11-6",,regular,,
2026-03-10,Wong H. T.,Lee K. M. H.,Lee K. M. H.,2-3,"5-11,11-7,4-11,15-13,7-11",,regular,,
2026-03-10,Liu Z.,Zhang Y.,Liu Z.,3-1,"11-7,11-6,8-11,11-6",,regular,,
2026-03-10,Feng Y.,Wang X.,Feng Y.,3-2,"10-12,14-12,4-11,11-6,17-15",,regular,,
2026-03-10,Lyne K.,Kong T. L.,Lyne K.,3-1,"5-11,14-12,12-10,11-9",,regular,,
